{
    "Threshold": 0.35,
    "accuracy score": 0.6756756756756757,
    "recall score": 0.9010695187165776,
    "f1 score": 0.5964601769911504,
    "Precision score": 0.44576719576719576,
    "ROC-AUC score": 0.840541184761431,
    "Classification Report": {
        "0": {
            "precision": 0.943076923076923,
            "recall": 0.5939922480620154,
            "f1-score": 0.7288941736028538,
            "support": 1032.0
        },
        "1": {
            "precision": 0.44576719576719576,
            "recall": 0.9010695187165776,
            "f1-score": 0.5964601769911504,
            "support": 374.0
        },
        "accuracy": 0.6756756756756757,
        "macro avg": {
            "precision": 0.6944220594220594,
            "recall": 0.7475308833892965,
            "f1-score": 0.6626771752970021,
            "support": 1406.0
        },
        "weighted avg": {
            "precision": 0.8107911207911208,
            "recall": 0.6756756756756757,
            "f1-score": 0.6936663537360138,
            "support": 1406.0
        }
    }
}